Bid No,Items,Quantity,Department Name And Address,Start Date,End Date,RA available
GEM/2025/B/6766457,REPAIR OF MARUTI GYPSY VEH BA NO 17-B-121871X IN R/O GE (P) VASCO,1,Ministry of Defence Department of Military Affairs,2025-10-08T13:24:45Z,2025-10-08T13:24:45Z,No
GEM/2025/B/6646370,Custom Bid for Services - DEEP-SEA MOORINGS,1,Ministry of Earth Sciences Department of Earth Sciences,2025-09-09T10:02:44Z,2025-09-09T10:02:44Z,No
GEM/2025/B/6812206,"Foam Roller 6 inch,Hedge Shears,Hand Pruner,2 stroke engine oil,Urinal flush coins,Floor cleaning m",1062,Ministry of Defence Department of Military Affairs,2025-10-22T12:46:39Z,2025-10-22T12:46:39Z,No
GEM/2025/B/6811610,Deep Sea Camera System,1,Ministry of Science and Technology Department of Scientific and Industrial Research (DSIR),2025-10-22T16:39:27Z,2025-10-22T16:39:27Z,No
GEM/2025/B/6809939,Overhauling of Hydraulic Jacks,10,Ministry of Defence Department of Defence Production,2025-10-23T11:15:06Z,2025-10-23T11:15:06Z,No
GEM/2025/B/6800669,"Wireless Access Points,Hardware fire Wall,Testing,commissioning,installation",19,Ministry of Education Department of School Education and Literacy,2025-10-22T17:16:19Z,2025-10-22T17:16:19Z,No
GEM/2025/B/6795171,"BIRTHDAY CARDS A3 FOLDED,ANNIVERSARY CARDS A3 FOLDED,PAPER FOLDER,UNIT PHOTO WITH FRAME SIZE 3INCH ",118,Ministry of Defence Department of Military Affairs,2025-10-21T15:23:10Z,2025-10-21T15:23:10Z,No
GEM/2025/B/6816468,"Biodegradable Garbage Bag 30x40,Biodegradable Garbage Bag 11x30,Disposable paper plate big,Disposab",2982,Ministry of Defence Department of Military Affairs,2025-10-23T15:50:17Z,2025-10-23T15:50:17Z,No
GEM/2025/B/6816162,"Toner Cartridges / Ink Cartridges / Consumables for Printers,Toner Cartridges / Ink Cartridges / Co",10,Ministry of Defence Department of Military Affairs,2025-10-23T12:04:50Z,2025-10-23T12:04:50Z,No
GEM/2025/B/6816027,ANALOG VOICE GATEWAYS,2,Ministry of Defence Department of Military Affairs,2025-10-23T17:14:52Z,2025-10-23T17:14:52Z,No
GEM/2025/B/6815557,"OUTER COVER OF BULLET PROOF JACKET POLYSTER WITH PU COATED FABRIC,REPLACEMENT OF FRONT PANEL COVER,",155,Ministry of Defence Department of Military Affairs,2025-10-23T10:28:36Z,2025-10-23T10:28:36Z,No
GEM/2025/B/6814546,Full Service and Maintenance Contracts of Photocopier Machine - Comprehensive Maintenance Contract;,30000,"Ministry of Ports, Shipping and Waterways NA",2025-10-23T14:58:11Z,2025-10-23T14:58:11Z,No
GEM/2025/B/6813890,"90 DEG MS ELBOW BUTT WELDED 200 NB SCH 40 R 1D,MS BEND 90 DEG 100 NB SCH 40 R 1D BUT WELD TYPE SEAM",2282,Ministry of Defence Department of Defence Production,2025-10-22T15:21:51Z,2025-10-22T15:21:51Z,No
GEM/2025/B/6813080,Toner Cartridges / Ink Cartridges / Consumables for Printers,2,Ministry of Defence Department of Military Affairs,2025-10-23T12:09:26Z,2025-10-23T12:09:26Z,No
GEM/2025/B/6823617,"PROVISIONING OF FLIGHT SAFETY CORNER,DISPLAY UNIT FOR SHOWCASING FLIGHT SAFETY,PLUG IN STORAGE FOR ",6,Ministry of Defence Department of Military Affairs,2025-10-25T12:27:21Z,2025-10-25T12:27:21Z,No
GEM/2025/B/6726152,Manpower Outsourcing Services - Minimum wage - Unskilled; Not Required; Others,4,Ministry of Education Department of School Education and Literacy,2025-10-24T13:48:35Z,2025-10-24T13:48:35Z,No
GEM/2025/B/6816545,LEAD AUDITOR TRAINING PROGRAMME,20,Ministry of Defence Department of Military Affairs,2025-10-24T09:48:36Z,2025-10-24T09:48:36Z,No
GEM/2025/B/6816122,LEAN SIX SIGMA BLACK BELT TRAINING,15,Ministry of Defence Department of Military Affairs,2025-10-24T09:47:12Z,2025-10-24T09:47:12Z,No
GEM/2025/B/6799472,Hiring of Boats - Sea Worthy Boats; Less than 5 years; Without Air-Conditioning; 4-6 Persons; 100; ,1,Ministry of Defence Department of Military Affairs,2025-10-24T10:53:58Z,2025-10-24T10:53:58Z,No
GEM/2025/B/6774914,"Repair, Maintenance, and Installation of Plant/ Systems/Equipments (Version 2) - Office Space; REPA",1,Ministry of Defence Department of Military Affairs,2025-10-21T10:24:27Z,2025-10-21T10:24:27Z,No
GEM/2025/B/6723399,"High Security Fence Controller,IP 66 W Weather proof box,Main Post,Support Post,End Insulator,Tight",3227,Ministry of Defence Department of Military Affairs,2025-10-23T11:58:00Z,2025-10-23T11:58:00Z,No
GEM/2025/B/6819544,Full Service and Maintenance Contracts of Photocopier Machine - Comprehensive maintenance contract ,8005,"Ministry of Ports, Shipping and Waterways NA",2025-10-24T12:46:26Z,2025-10-24T12:46:26Z,No
GEM/2025/B/6711369,Customized AMC/CMC for Pre-owned Products - As per list attached; As per list attached; Annual Main,64,Ministry of Defence Department of Military Affairs,2025-10-24T14:38:46Z,2025-10-24T14:38:46Z,No
GEM/2025/B/6777216,Customized AMC/CMC for Pre-owned Products - AMC OF BIRD HAZAD CONTROL TEAM ITEMS AND LPG OPERATED Z,1,Ministry of Defence Department of Military Affairs,2025-10-21T12:16:21Z,2025-10-21T12:16:21Z,No
GEM/2025/B/6720278,"All in One PC (V2),Line Interactive UPS with AVR (V2),Computer Monitor,Entry and Mid Level Desktop ",55,Ministry of Defence Department of Military Affairs,2025-10-21T09:50:25Z,2025-10-21T09:50:25Z,No
GEM/2025/B/6818029,"40 NB 90 DEG COPPER ELBOW BUT WELD TYPE SEAMLESS R 1.5D,50 NB 90 DEG COPPER ELBOW BUT WELD TYPE SEA",3129,Ministry of Defence Department of Defence Production,2025-10-23T17:23:48Z,2025-10-23T17:23:48Z,No
GEM/2025/B/6620712,Layer 3 - Access Switch,7,Ministry of Defence Department of Military Affairs,2025-10-23T22:27:17Z,2025-10-23T22:27:17Z,No
GEM/2025/B/6826585,"ACP satin white surrounding borders with aluminium structure,LED light box frame in aluminium struc",9,Ministry of Defence Department of Military Affairs,2025-10-28T09:17:51Z,2025-10-28T09:17:51Z,No
GEM/2025/B/6826208,Acrylic plates with glass studds fitting mentionning quotes of famous persons for library area,32,Ministry of Defence Department of Military Affairs,2025-10-27T10:11:59Z,2025-10-27T10:11:59Z,No
GEM/2025/B/6768239,"IN Chart one of each,INP 2017,INP 2019,INP 2020,INP 2020,INP2024,INP 2024,INP 2021,INP 2023,NP,NP A",123,Ministry of Defence Department of Defence,2025-10-27T18:09:28Z,2025-10-27T18:09:28Z,No
GEM/2025/B/6828044,Acrylic plates with glass studds fittings mentioning pakistani details size 4ft* 6ft toming area,8,Ministry of Defence Department of Military Affairs,2025-10-28T08:49:29Z,2025-10-28T08:49:29Z,No
GEM/2025/B/6827900,"8mm acrylic plates mentioning famous motivational quotes with reverse print sticker pasting,3ft* 2f",26,Ministry of Defence Department of Military Affairs,2025-10-28T08:51:42Z,2025-10-28T08:51:42Z,No
GEM/2025/B/6791400,Repair and Overhauling Service - REPAIR AND MAINTENANCE OF MHE LIFTING MACHINE; MHE; Yes; Buyer Pre,1,Ministry of Defence Department of Military Affairs,2025-10-27T10:44:38Z,2025-10-27T10:44:38Z,No
GEM/2025/B/6832273,Custom Bid for Services - Consultancy services for construction of ware house/s inside GSL yard,1,Ministry of Defence Department of Defence Production,2025-10-28T16:11:16Z,2025-10-28T16:11:16Z,No
GEM/2025/B/6831992,ROPE LUBE 1000 F/MOBILE CRANES,180,Ministry of Defence Department of Defence Production,2025-10-28T15:26:31Z,2025-10-28T15:26:31Z,No
GEM/2025/B/6830893,"Manpower Outsourcing Services - Minimum wage - Skilled; High School; Admin,Manpower Outsourcing Ser",7,Ministry of Defence Department of Military Affairs,2025-10-29T08:59:43Z,2025-10-29T08:59:43Z,No
GEM/2025/B/6833907,"Repair and Overhauling Service - Desktop Computers, HP ML 10 Server, Printers and UPS repair and se",21,Ministry of Defence Department of Military Affairs,2025-10-29T12:07:21Z,2025-10-29T12:07:21Z,No
GEM/2025/B/6819436,Warehousing Service- Lumpsum quote based - As per SOW; As per SOW; Godown without services; Hardwar,1,Ministry of Defence Department of Defence Production,2025-10-27T11:47:11Z,2025-10-27T11:47:11Z,No
GEM/2025/B/6817240,Custom Bid for Services - Repair of Qty 04 Engine Shipping and Storage Container part No 078 08 280,1,Ministry of Defence Department of Military Affairs,2025-10-27T10:04:04Z,2025-10-27T10:04:04Z,No
GEM/2025/B/6821303,Bordering Part No 903-9204-1012,100,Ministry of Defence Department of Military Affairs,2025-10-29T09:50:33Z,2025-10-29T09:50:33Z,No
GEM/2025/B/6845890,"PUNISHMENT BOOK,INLIVING JUNIOR SAILOR SHORT ASHORE LEAVE,INLIVING SENIOR SAILOR SHORT ASHORE LEAVE",100,Ministry of Defence Department of Military Affairs,2025-11-03T12:45:51Z,2025-11-03T12:45:51Z,No
GEM/2025/B/6845889,"Custom Bid for Services - Refilling of 85 in number of Cartridges (88A, 12A, Canon 925, Brother TN ",1,Ministry of Defence Department of Military Affairs,2025-11-03T12:53:04Z,2025-11-03T12:53:04Z,No
GEM/2025/B/6838678,Truck Mounted Boom Lift Platform,1,Urban Development Department Goa,2025-11-03T13:16:20Z,2025-11-03T13:16:20Z,No
GEM/2025/B/6844733,"Battery 12V 60AH,Battery 12V 88AH Secondary Lead Acid,Battery Lead Acid 12V 150AH,Battery 12V 40AH ",223,Ministry of Defence Department of Military Affairs,2025-11-03T13:01:35Z,2025-11-03T13:01:35Z,No
GEM/2025/B/6851357,"MS Galvanized Conduits pipes and Accessories Lot 1,MS Galvanized Conduits pipes and AccessoriesLot ",7,Ministry of Defence Department of Defence Production,2025-11-03T15:53:34Z,2025-11-03T15:53:34Z,No
GEM/2025/B/6836382,Vector Network Analyzer and Spectrum Analyzer 14 GHz includeing accessories and Calibration Kit,1,Ministry of Education Department of Higher Education,2025-11-03T15:58:23Z,2025-11-03T15:58:23Z,No
GEM/2025/B/6832403,Custom Bid for Services - EXTRA DIET FOR UNITY RUN TEAMS,1,Ministry of Defence Department of Military Affairs,2025-11-03T16:46:41Z,2025-11-03T16:46:41Z,No
GEM/2025/B/6776976,Custom Bid for Services - Upgradation of Floating Jetty made of HDPE Cubes at Boat Pool,1,Ministry of Defence Department of Military Affairs,2025-10-13T16:31:10Z,2025-10-13T16:31:10Z,No
GEM/2025/B/6795273,"12000x2500x10,10000x2500x12,10000x2500x14,10000x2500x20,10000x2000x24,6000x1500x30,6000x2000x40,100",871509,Ministry of Defence Department of Defence Production,2025-10-15T18:57:03Z,2025-10-15T18:57:03Z,No
GEM/2025/B/6852640,"Grass Cutting Wire HD 3mm,Chopper HD,Grass Cutting Machine Belt,Grass Cutting Machine Hooks HD,Mach",155,Ministry of Defence Department of Military Affairs,2025-11-03T19:38:10Z,2025-11-03T19:38:10Z,No
GEM/2025/B/6821271,8mm acrylic plateswith reverse print sticker pasting and fitting with glass studds size 4ftX2ft 8 s,25,Ministry of Defence Department of Military Affairs,2025-10-27T10:16:27Z,2025-10-27T10:16:27Z,No
GEM/2025/B/6664260,Repair and Overhauling Service - Aircraft GSE; LCM-20; Yes; Service Provider Premises,1,Ministry of Defence Department of Defence,2025-10-28T13:34:31Z,2025-10-28T13:34:31Z,No
GEM/2025/B/6768869,Repair and Refurbishment of Paraquet Shingles,350,Ministry of Defence Department of Military Affairs,2025-10-30T18:27:04Z,2025-10-30T18:27:04Z,No
GEM/2025/B/6828768,Software Based Solution for Mobile Phone Forensic and Photo Recognizer,5,Police Department Goa,2025-10-30T18:31:19Z,2025-10-30T18:31:19Z,No
GEM/2025/B/6825834,FLAT TOP TRESTLES,5,Ministry of Defence Department of Military Affairs,2025-10-30T18:33:34Z,2025-10-30T18:33:34Z,No
GEM/2025/B/6832403,Custom Bid for Services - EXTRA DIET FOR UNITY RUN TEAMS,1,Ministry of Defence Department of Military Affairs,2025-11-03T16:46:41Z,2025-11-03T16:46:41Z,No
GEM/2025/B/6836527,RF Power Meter with sensors 12 GHz,1,Ministry of Education Department of Higher Education,2025-11-03T15:42:55Z,2025-11-03T15:42:55Z,No
GEM/2025/B/6851357,"MS Galvanized Conduits pipes and Accessories Lot 1,MS Galvanized Conduits pipes and AccessoriesLot ",7,Ministry of Defence Department of Defence Production,2025-11-03T15:53:34Z,2025-11-03T15:53:34Z,No
GEM/2025/B/6836382,Vector Network Analyzer and Spectrum Analyzer 14 GHz includeing accessories and Calibration Kit,1,Ministry of Education Department of Higher Education,2025-11-03T15:58:23Z,2025-11-03T15:58:23Z,No
GEM/2025/B/6846083,20 Ton wired Dynamometer,2,Ministry of Defence Department of Defence Production,2025-11-01T14:24:37Z,2025-11-01T14:24:37Z,No
GEM/2025/B/6855941,SITC of Isolation Transformer,1,"Ministry of Ports, Shipping and Waterways NA",2025-11-04T17:08:15Z,2025-11-04T17:08:15Z,No
GEM/2025/B/6739136,"1250x4000x4 mm,1500x10000x5mm,1500x10000x6 mm,2500x12000x8 mm,2500x12000x10 mm,2500x12000x12 mm,250",5191245,Ministry of Defence Department of Defence Production,2025-09-30T16:16:06Z,2025-09-30T16:16:06Z,No
GEM/2025/B/6631267,Custom Bid for Services - REPAIR RATE CONTRACT FOR REPAIR OF ADJUSTER PROTECTION AND CONTROL UNIT P,1,Ministry of Defence Department of Military Affairs,2025-10-14T09:12:54Z,2025-10-14T09:12:54Z,No
GEM/2025/B/6775513,Custom Bid for Services - BIENNIAL RATE CONTRACT FOR HIRING OF SAFETY SUPERVIORS FOR SURVEILANCE AC,1,Ministry of Defence Department of Defence Production,2025-10-10T12:40:07Z,2025-10-10T12:40:07Z,No
GEM/2025/B/6859118,Tablet Computer (V2),1,Ministry of Defence Department of Military Affairs,2025-11-05T21:12:02Z,2025-11-05T21:12:02Z,No
GEM/2025/B/6851025,Aircraft Engine Carrier,2,Ministry of Defence Department of Military Affairs,2025-11-05T16:17:52Z,2025-11-05T16:17:52Z,No
GEM/2025/B/6858756,"1954300034,1954300050,1954300036,1954300037,1954300038,1954300039,1954300049,1954300051,1954300052,",168,Ministry of Defence Department of Defence Production,2025-11-05T17:01:57Z,2025-11-05T17:01:57Z,No
GEM/2025/B/6828599,"Custom Bid for Services - CDCMS SUPPORT KOLHAPUR SA,Custom Bid for Services - CDCMS SUPPORT GOA SA",2,Ministry of Petroleum and Natural Gas NA,2025-10-27T17:11:53Z,2025-10-27T17:11:53Z,No
GEM/2025/B/6858839,"3695701020,2944910007,2944910008,1557342062,1557342012,1557453453,6570330086,6650103502,1557453011,",68,Ministry of Defence Department of Defence Production,2025-11-05T17:31:56Z,2025-11-05T17:31:56Z,No
GEM/2025/B/6858893,"9395426100,9395426103,9395426104,9395426105,9395426106,9395426109,9395426113,9395426116",64,Ministry of Defence Department of Defence Production,2025-11-05T17:49:52Z,2025-11-05T17:49:52Z,No
GEM/2025/B/6647229,Custom Bid for Services - Subcontracting of Modification & Delivery of LPG Cylinder Carrier Yard 12,1,Ministry of Defence Department of Defence Production,2025-09-04T16:59:49Z,2025-09-04T16:59:49Z,No
GEM/2025/B/6791400,Repair and Overhauling Service - REPAIR AND MAINTENANCE OF MHE LIFTING MACHINE; MHE; Yes; Buyer Pre,1,Ministry of Defence Department of Military Affairs,2025-10-27T10:44:38Z,2025-10-27T10:44:38Z,No
GEM/2025/B/6832273,Custom Bid for Services - Consultancy services for construction of ware house/s inside GSL yard,1,Ministry of Defence Department of Defence Production,2025-10-28T16:11:16Z,2025-10-28T16:11:16Z,No
GEM/2025/B/6831992,ROPE LUBE 1000 F/MOBILE CRANES,180,Ministry of Defence Department of Defence Production,2025-10-28T15:26:31Z,2025-10-28T15:26:31Z,No
GEM/2025/B/6830893,"Manpower Outsourcing Services - Minimum wage - Skilled; High School; Admin,Manpower Outsourcing Ser",7,Ministry of Defence Department of Military Affairs,2025-10-29T08:59:43Z,2025-10-29T08:59:43Z,No
GEM/2025/B/6833907,"Repair and Overhauling Service - Desktop Computers, HP ML 10 Server, Printers and UPS repair and se",21,Ministry of Defence Department of Military Affairs,2025-10-29T12:07:21Z,2025-10-29T12:07:21Z,No
GEM/2025/B/6819436,Warehousing Service- Lumpsum quote based - As per SOW; As per SOW; Godown without services; Hardwar,1,Ministry of Defence Department of Defence Production,2025-10-27T11:47:11Z,2025-10-27T11:47:11Z,No
GEM/2025/B/6817240,Custom Bid for Services - Repair of Qty 04 Engine Shipping and Storage Container part No 078 08 280,1,Ministry of Defence Department of Military Affairs,2025-10-27T10:04:04Z,2025-10-27T10:04:04Z,No
GEM/2025/B/6821303,Bordering Part No 903-9204-1012,100,Ministry of Defence Department of Military Affairs,2025-10-29T09:50:33Z,2025-10-29T09:50:33Z,No
GEM/2025/B/6743762,Interlock Valve Body (Housing) Part No 83.0254-251,18,Ministry of Defence Department of Military Affairs,2025-10-29T09:45:22Z,2025-10-29T09:45:22Z,No
GEM/2025/B/6853633,AMC / CMC of Fire Extinguishers - Fishing vessel; Mechanical Foam DCP Type Water Type Fire Extingui,19,Ministry of Fisheries Animal Husbandry Dairying Department of Fisheries,2025-11-06T11:06:48Z,2025-11-06T11:06:48Z,No
GEM/2025/B/6791400,Repair and Overhauling Service - REPAIR AND MAINTENANCE OF MHE LIFTING MACHINE; MHE; Yes; Buyer Pre,1,Ministry of Defence Department of Military Affairs,2025-10-27T10:44:38Z,2025-10-27T10:44:38Z,No
GEM/2025/B/6832273,Custom Bid for Services - Consultancy services for construction of ware house/s inside GSL yard,1,Ministry of Defence Department of Defence Production,2025-10-28T16:11:16Z,2025-10-28T16:11:16Z,No
GEM/2025/B/6831992,ROPE LUBE 1000 F/MOBILE CRANES,180,Ministry of Defence Department of Defence Production,2025-10-28T15:26:31Z,2025-10-28T15:26:31Z,No
GEM/2025/B/6830893,"Manpower Outsourcing Services - Minimum wage - Skilled; High School; Admin,Manpower Outsourcing Ser",7,Ministry of Defence Department of Military Affairs,2025-10-29T08:59:43Z,2025-10-29T08:59:43Z,No
GEM/2025/B/6833907,"Repair and Overhauling Service - Desktop Computers, HP ML 10 Server, Printers and UPS repair and se",21,Ministry of Defence Department of Military Affairs,2025-10-29T12:07:21Z,2025-10-29T12:07:21Z,No
GEM/2025/B/6819436,Warehousing Service- Lumpsum quote based - As per SOW; As per SOW; Godown without services; Hardwar,1,Ministry of Defence Department of Defence Production,2025-10-27T11:47:11Z,2025-10-27T11:47:11Z,No
GEM/2025/B/6817240,Custom Bid for Services - Repair of Qty 04 Engine Shipping and Storage Container part No 078 08 280,1,Ministry of Defence Department of Military Affairs,2025-10-27T10:04:04Z,2025-10-27T10:04:04Z,No
GEM/2025/B/6821303,Bordering Part No 903-9204-1012,100,Ministry of Defence Department of Military Affairs,2025-10-29T09:50:33Z,2025-10-29T09:50:33Z,No
GEM/2025/B/6743762,Interlock Valve Body (Housing) Part No 83.0254-251,18,Ministry of Defence Department of Military Affairs,2025-10-29T09:45:22Z,2025-10-29T09:45:22Z,No
GEM/2025/B/6664260,Repair and Overhauling Service - Aircraft GSE; LCM-20; Yes; Service Provider Premises,1,Ministry of Defence Department of Defence,2025-10-28T13:34:31Z,2025-10-28T13:34:31Z,No
GEM/2025/B/6768869,Repair and Refurbishment of Paraquet Shingles,350,Ministry of Defence Department of Military Affairs,2025-10-30T18:27:04Z,2025-10-30T18:27:04Z,No
GEM/2025/B/6828768,Software Based Solution for Mobile Phone Forensic and Photo Recognizer,5,Police Department Goa,2025-10-30T18:31:19Z,2025-10-30T18:31:19Z,No
GEM/2025/B/6825834,FLAT TOP TRESTLES,5,Ministry of Defence Department of Military Affairs,2025-10-30T18:33:34Z,2025-10-30T18:33:34Z,No
GEM/2025/B/6749756,Customized AMC/CMC for Pre-owned Products - CAMC of Harmonic Scalpel; Ethicon Endo Surgery; Compreh,1,Ministry of Defence Department of Military Affairs,2025-10-29T12:15:42Z,2025-10-29T12:15:42Z,No
GEM/2025/B/6844342,"SS 316L SEAMLESS TUBE 30MM OD X 3MM THK TEST PR 400,SS 316L SEAMLESS TUBE 42MM OD X 3.6 MM THK TEST",5768,Ministry of Defence Department of Defence Production,2025-10-31T15:38:09Z,2025-10-31T15:38:09Z,No
GEM/2025/B/6844335,Repair and Overhauling Service - BEAM DETECTOR REAL INSTRUMENTS DUAL BEAM OUTDOOR 150M SECURITY LAS,7,Ministry of Defence Department of Military Affairs,2025-10-31T15:31:13Z,2025-10-31T15:31:13Z,No
GEM/2025/B/6840130,"Annual Maintenance Service - Desktops,  Laptops and Peripherals - Desktop PC; Acer",8,Ministry of Defence Department of Defence,2025-10-31T15:34:11Z,2025-10-31T15:34:11Z,No
GEM/2025/B/6839318,"Multimedia Projector (MMP),Multifunction Machine MFM (V2),Multifunction Machine MFM (V2)",47,Education Department Goa,2025-10-31T17:48:17Z,2025-10-31T17:48:17Z,No
GEM/2025/B/6715603,"Plain Copier Paper (V3) ISI Marked to IS 14490,Plain Copier Paper (V3) ISI Marked to IS 14490,Toner",5167,Ministry of Defence Department of Military Affairs,2025-10-31T17:25:51Z,2025-10-31T17:25:51Z,No
GEM/2025/B/6825834,FLAT TOP TRESTLES,5,Ministry of Defence Department of Military Affairs,2025-10-30T18:33:34Z,2025-10-30T18:33:34Z,No
GEM/2025/B/6821383,"Sticky Notes 75 mm x 75 mm Packets,Fevikwik 1 gm,Masking Tape 20 mm,Packing Tape L 10 mtr W 40 mm,D",3544,Ministry of Education Department of Higher Education,2025-10-31T13:20:51Z,2025-10-31T13:20:51Z,No
GEM/2025/B/6844035,"SIGHT GLASS SEV024,MAGNETIC LEVEL GAUGE 1900 LTA NO. ETA 209331 08,25 NB GM CC492K Y TYPE STRAINER ",49,Ministry of Defence Department of Defence Production,2025-10-31T14:39:42Z,2025-10-31T14:39:42Z,No
GEM/2025/B/6838130,Truck mounted articulated boom lift of reach 23meters,1,Ministry of Defence Department of Defence Production,2025-10-31T14:55:58Z,2025-10-31T14:55:58Z,No
GEM/2025/B/6801460,Hiring of Custom House Agent - Lumpsum Based - Export; Demolitation of Bldg; B/R an E/M items,1,Ministry of Defence Department of Military Affairs,2025-10-31T12:07:11Z,2025-10-31T12:07:11Z,No
GEM/2025/B/6822010,Manpower Outsourcing Services - Minimum wage - Unskilled; Not Required; Others,1,Ministry of Defence Department of Military Affairs,2025-10-31T11:56:50Z,2025-10-31T11:56:50Z,No
GEM/2025/B/6749756,Customized AMC/CMC for Pre-owned Products - CAMC of Harmonic Scalpel; Ethicon Endo Surgery; Compreh,1,Ministry of Defence Department of Military Affairs,2025-10-29T12:15:42Z,2025-10-29T12:15:42Z,No
GEM/2025/B/6845476,"Scaled Model Of Addl. P1135.6 Length: 115cm Width: 21cm Height: 41cm Or scale: 1: 100,Scaled Model ",24,Ministry of Defence Department of Defence Production,2025-11-01T10:24:15Z,2025-11-01T10:24:15Z,No
GEM/2025/B/6843117,Clear View Panels,300,Ministry of Defence Department of Military Affairs,2025-11-01T10:30:42Z,2025-11-01T10:30:42Z,No
GEM/2025/B/6844381,Plafond,300,Ministry of Defence Department of Military Affairs,2025-11-01T10:46:22Z,2025-11-01T10:46:22Z,No
GEM/2025/B/6838130,Truck mounted articulated boom lift of reach 23meters,1,Ministry of Defence Department of Defence Production,2025-10-31T14:55:58Z,2025-10-31T14:55:58Z,No
GEM/2025/B/6841892,"DMR 249A STEEL PLATE SIZE 8000X2500X16,DMR 249A STEEL PLATE SIZE 8000X2500X12",42704,Ministry of Defence Department of Defence Production,2025-10-31T11:07:11Z,2025-10-31T11:07:11Z,No
GEM/2025/B/6842717,"SUPPLY, INSTALLATION AND COMMISSIONING OF STANDALONE FILLING MACHINE AT GOA LPG PLANT",1,Ministry of Petroleum and Natural Gas Bharat Petroleum Corporation Ltd,2025-10-31T11:30:27Z,2025-10-31T11:30:27Z,No
GEM/2025/B/6821305,"Repair, Maintenance, and Installation of Plant/ Systems/Equipments (Version 2) - Office Space; REPA",1,Ministry of Defence Department of Military Affairs,2025-10-31T11:24:04Z,2025-10-31T11:24:04Z,No
GEM/2025/B/6846083,20 Ton wired Dynamometer,2,Ministry of Defence Department of Defence Production,2025-11-01T14:24:37Z,2025-11-01T14:24:37Z,No
GEM/2025/B/6847531,Safes (V3) ISI Marked to IS 550,1,Ministry of Finance Department of Financial Services,2025-11-01T15:41:27Z,2025-11-01T15:41:27Z,No
GEM/2025/B/6845277,"GIS related Survey Services - ACERS; Defence Land; 1:5000; CORS enabled DGPS Survey; SHP , DWG , GD",1,Ministry of Defence Department of Defence,2025-11-04T12:22:28Z,2025-11-04T12:22:28Z,No
GEM/2025/B/6854425,Standby Power Source,2,Ministry of Defence Department of Defence,2025-11-04T12:38:46Z,2025-11-04T12:38:46Z,No
GEM/2025/B/6854382,"Title1,Title2,Title3,Title4,Title5",7,Ministry of Skill Development and Entrepreneurship Directorate General of Training,2025-11-04T12:41:37Z,2025-11-04T12:41:37Z,No
GEM/2025/B/6854330,"Supply of Portable Electric Bilge Pump for Frigate Project,On-board Spares OBS for Portable Electri",16,Ministry of Defence Department of Defence Production,2025-11-04T12:32:18Z,2025-11-04T12:32:18Z,No
GEM/2025/B/6846207,"Strip For Marking Door Ways B 20,Signal Marking with Strips Alternation B 75,Signal Marking with St",5622,Ministry of Defence Department of Defence Production,2025-11-01T11:06:15Z,2025-11-01T11:06:15Z,No
GEM/2025/B/6841892,"DMR 249A STEEL PLATE SIZE 8000X2500X16,DMR 249A STEEL PLATE SIZE 8000X2500X12",42704,Ministry of Defence Department of Defence Production,2025-10-31T11:07:11Z,2025-10-31T11:07:11Z,No
GEM/2025/B/6842717,"SUPPLY, INSTALLATION AND COMMISSIONING OF STANDALONE FILLING MACHINE AT GOA LPG PLANT",1,Ministry of Petroleum and Natural Gas Bharat Petroleum Corporation Ltd,2025-10-31T11:30:27Z,2025-10-31T11:30:27Z,No
GEM/2025/B/6821305,"Repair, Maintenance, and Installation of Plant/ Systems/Equipments (Version 2) - Office Space; REPA",1,Ministry of Defence Department of Military Affairs,2025-10-31T11:24:04Z,2025-10-31T11:24:04Z,No
GEM/2025/B/6846083,20 Ton wired Dynamometer,2,Ministry of Defence Department of Defence Production,2025-11-01T14:24:37Z,2025-11-01T14:24:37Z,No
GEM/2025/B/6847531,Safes (V3) ISI Marked to IS 550,1,Ministry of Finance Department of Financial Services,2025-11-01T15:41:27Z,2025-11-01T15:41:27Z,No
GEM/2025/B/6840623,"WATER POUCH 500 ML,CHEMISTIC TUBE 50 GMS,NYLON CORD 1 MM 50 LBS,PSP COVER FOR PSP TYPE CC,VALISE FO",1052,Ministry of Defence Department of Military Affairs,2025-11-03T09:49:35Z,2025-11-03T09:49:35Z,No
GEM/2025/B/6837959,PROCUREMENT OF 10.4 INCH LCD SCREEN PART NO. NL 10276BC20-04,2,Ministry of Defence Department of Military Affairs,2025-11-03T09:57:56Z,2025-11-03T09:57:56Z,No
GEM/2025/B/6742720,Custom Bid for Services - REPAIR AND CALIBRATION OF LASER CM 20,1,Ministry of Defence Department of Military Affairs,2025-11-03T09:55:59Z,2025-11-03T09:55:59Z,No
GEM/2025/B/6849360,Custom Bid for Services - REFURBISHMENT OF AIR WEAPON SECTION,1,Ministry of Defence Department of Military Affairs,2025-11-03T10:29:06Z,2025-11-03T10:29:06Z,No
GEM/2025/B/6839318,"Multimedia Projector (MMP),Multifunction Machine MFM (V2),Multifunction Machine MFM (V2)",47,Education Department Goa,2025-10-31T17:48:17Z,2025-10-31T17:48:17Z,No
GEM/2025/B/6838948,"FloorCleaner,ToiletCleaner,GlassCleaner,Phenyl,Hand Wash Liquid,DishwashingLiquid,CleaningCloths,Sc",1520,Ministry of Defence Department of Military Affairs,2025-10-31T21:42:26Z,2025-10-31T21:42:26Z,No
GEM/2025/B/6712277,Manpower Outsourcing Services - Minimum wage - Unskilled; Not Required; Others,3,Ministry of Home Affairs Department of Home,2025-11-04T12:08:54Z,2025-11-04T12:08:54Z,No
GEM/2025/B/6845277,"GIS related Survey Services - ACERS; Defence Land; 1:5000; CORS enabled DGPS Survey; SHP , DWG , GD",1,Ministry of Defence Department of Defence,2025-11-04T12:22:28Z,2025-11-04T12:22:28Z,No
GEM/2025/B/6854425,Standby Power Source,2,Ministry of Defence Department of Defence,2025-11-04T12:38:46Z,2025-11-04T12:38:46Z,No
GEM/2025/B/6854382,"Title1,Title2,Title3,Title4,Title5",7,Ministry of Skill Development and Entrepreneurship Directorate General of Training,2025-11-04T12:41:37Z,2025-11-04T12:41:37Z,No
GEM/2025/B/6854330,"Supply of Portable Electric Bilge Pump for Frigate Project,On-board Spares OBS for Portable Electri",16,Ministry of Defence Department of Defence Production,2025-11-04T12:32:18Z,2025-11-04T12:32:18Z,No
GEM/2025/B/6794113,"TWIN AGENT UNIT SYSTEM FOR AVIATION FIRE FIGHTING,Technical Documentation,Service Engineer Charges,",40,Ministry of Defence Department of Defence Production,2025-10-15T16:26:15Z,2025-10-15T16:26:15Z,No
GEM/2025/B/6850278,"Upstroke Hydraulic Press with Hyd Tank and motor UHP IND 150,Rubber Mixing Machine RMM INDEXPELL,Hy",12,Ministry of Defence Department of Military Affairs,2025-11-03T12:49:47Z,2025-11-03T12:49:47Z,No
GEM/2025/B/6849942,"Custom Bid for Services - Biennial Rate Contract for Hot Dip Galvanizing for Fabricated Pipes, Hand",1,Ministry of Defence Department of Defence Production,2025-11-03T12:59:14Z,2025-11-03T12:59:14Z,No
GEM/2025/B/6852615,"Brush 8 Inch,Brush 4 Inch,Brush 2 Inch,Brush 1 Inch,Brush 0.5 Inch,Roller 8 Inch with handle,Roller",810,Ministry of Defence Department of Military Affairs,2025-11-04T20:14:47Z,2025-11-04T20:14:47Z,No
GEM/2025/B/6788975,CCTV System,1,Ministry of Defence Department of Defence Production,2025-10-16T15:45:25Z,2025-10-16T15:45:25Z,No
GEM/2025/B/6857409,Custom Bid for Services - HIRING OF SERVICES FOR POST MONSOON VEGETATION CLEARANCE BEHIND  VIKRAMAD,1,Ministry of Defence Department of Military Affairs,2025-11-05T10:10:54Z,2025-11-05T10:10:54Z,No
GEM/2025/B/6861370,Custom Bid for Services - Hiring of Services for Catering for 200 pax on occasion of Harrier Annive,1,Ministry of Defence Department of Defence,2025-11-06T14:26:41Z,2025-11-06T14:26:41Z,No
GEM/2025/B/6859514,GPU Server,1,Ministry of Education Department of Higher Education,2025-11-06T14:35:38Z,2025-11-06T14:35:38Z,No
GEM/2025/B/6853633,AMC / CMC of Fire Extinguishers - Fishing vessel; Mechanical Foam DCP Type Water Type Fire Extingui,19,Ministry of Fisheries Animal Husbandry Dairying Department of Fisheries,2025-11-06T11:06:48Z,2025-11-06T11:06:48Z,No
GEM/2025/B/6861749,"Complete Test Panel complete as per SOTR yard 1280,Anti Vibration Mounts and mounting Stainless ste",35,Ministry of Defence Department of Defence Production,2025-11-06T15:41:25Z,2025-11-06T15:41:25Z,No
GEM/2025/B/6756157,Pneumatic Booster Pump,1,Ministry of Defence Department of Defence Production,2025-10-16T09:41:26Z,2025-10-16T09:41:26Z,No
GEM/2025/B/6752986,Custom Bid for Services - REPAIR AND HST OF QTY 05 OXYGEN TANK(PART NO B42365-6 AND QTY 02 PORTABLE,1,Ministry of Defence Department of Military Affairs,2025-10-16T12:40:22Z,2025-10-16T12:40:22Z,No
GEM/2025/B/6727204,Digital Forensic Workstation,2,Police Department Goa,2025-10-08T13:26:13Z,2025-10-08T13:26:13Z,No
GEM/2025/B/6668371,Custom Bid for Services - RATE CONTRACT OF GROUND HANDLING EQUIPMENT SERVICES FOR SUPPORTING BOING ,1,Ministry of Defence Department of Military Affairs,2025-10-15T18:34:21Z,2025-10-15T18:34:21Z,No
GEM/2025/B/6851025,Aircraft Engine Carrier,2,Ministry of Defence Department of Military Affairs,2025-11-05T16:17:52Z,2025-11-05T16:17:52Z,No
GEM/2025/B/6858756,"1954300034,1954300050,1954300036,1954300037,1954300038,1954300039,1954300049,1954300051,1954300052,",168,Ministry of Defence Department of Defence Production,2025-11-05T17:01:57Z,2025-11-05T17:01:57Z,No
GEM/2025/B/6828599,"Custom Bid for Services - CDCMS SUPPORT KOLHAPUR SA,Custom Bid for Services - CDCMS SUPPORT GOA SA",2,Ministry of Petroleum and Natural Gas NA,2025-10-27T17:11:53Z,2025-10-27T17:11:53Z,No
GEM/2025/B/6870029,"Annual Maintenance Service - Desktops,  Laptops and Peripherals - All In One PC; 80000,Annual Maint",119,Ministry of Finance Department of Revenue,2025-11-08T17:33:18Z,2025-11-08T17:33:18Z,No
GEM/2025/B/6870347,"SUPPLY, INSTALLATION AND COMMISSIONING OF WASHING UNIT FOR LPG CYLINDERS AT GOA LPG PLANT",1,Ministry of Petroleum and Natural Gas Bharat Petroleum Corporation Ltd,2025-11-08T19:55:25Z,2025-11-08T19:55:25Z,No
GEM/2025/B/6836587,"Custom Bid for Services - SUB-CONTRACT OF ALUMINIUM FABRICATION, ERECTION & INSTALLATION OF HEAT PR",1,Ministry of Defence Department of Defence Production,2025-10-29T16:47:32Z,2025-10-29T16:47:32Z,No
GEM/2025/B/6814559,Digital Hand-held VHF Transceiver as per MHA QR,5,Ministry of Defence Department of Defence,2025-10-22T17:18:57Z,2025-10-22T17:18:57Z,No
GEM/2025/B/6868867,"Collection & Disposal Waste Management Service - Collection, Lifting, Transportation, Unloading, Se",300,Ministry of Defence Department of Military Affairs,2025-11-08T12:08:32Z,2025-11-08T12:08:32Z,No
GEM/2025/B/6868838,"Collection & Disposal Waste Management Service - Collection, Lifting, Transportation, Unloading, Se",300,Ministry of Defence Department of Military Affairs,2025-11-08T12:03:40Z,2025-11-08T12:03:40Z,No
GEM/2025/B/6756157,Pneumatic Booster Pump,1,Ministry of Defence Department of Defence Production,2025-10-16T09:41:26Z,2025-10-16T09:41:26Z,No
GEM/2025/B/6752986,Custom Bid for Services - REPAIR AND HST OF QTY 05 OXYGEN TANK(PART NO B42365-6 AND QTY 02 PORTABLE,1,Ministry of Defence Department of Military Affairs,2025-10-16T12:40:22Z,2025-10-16T12:40:22Z,No
GEM/2025/B/6727204,Digital Forensic Workstation,2,Police Department Goa,2025-10-08T13:26:13Z,2025-10-08T13:26:13Z,No
GEM/2025/B/6726292,Hardware write Blocker Kit,5,Police Department Goa,2025-10-08T13:58:06Z,2025-10-08T13:58:06Z,No
GEM/2025/B/6861749,"Complete Test Panel complete as per SOTR yard 1280,Anti Vibration Mounts and mounting Stainless ste",35,Ministry of Defence Department of Defence Production,2025-11-06T15:41:25Z,2025-11-06T15:41:25Z,No
GEM/2025/B/6861370,Custom Bid for Services - Hiring of Services for Catering for 200 pax on occasion of Harrier Annive,1,Ministry of Defence Department of Defence,2025-11-06T14:26:41Z,2025-11-06T14:26:41Z,No
GEM/2025/B/6859514,GPU Server,1,Ministry of Education Department of Higher Education,2025-11-06T14:35:38Z,2025-11-06T14:35:38Z,No
GEM/2025/B/6862010,"White LED Ceremonial Garland Lights IP-56 as per SOTR Patt no. N6260-TD00881,WT IP-56 Double pole s",280,Ministry of Defence Department of Defence Production,2025-11-06T16:11:35Z,2025-11-06T16:11:35Z,No
GEM/2025/B/6776620,"Manpower Outsourcing Services - Minimum wage - Semi-skilled; High School; Admin,Manpower Outsourcin",20,Ministry of Education Department of Higher Education,2025-11-06T16:07:49Z,2025-11-06T16:07:49Z,No
GEM/2025/B/6860164,"SHOCK-ABSORBER? ? (P) ? -4,SHOCK-ABSORBER? ? (P) ? -5,SHOCK-ABSORBER AKCC-10MX",78,Ministry of Defence Department of Defence Production,2025-11-06T12:01:03Z,2025-11-06T12:01:03Z,No
GEM/2025/B/6859879,"Feather Broom Phool Jhadu,Super Mop Refills,Polish Metal Brass 500 ml,Duster Cloth,Cloth Sponge,Cle",635,Ministry of Defence Department of Defence,2025-11-06T12:13:14Z,2025-11-06T12:13:14Z,No
GEM/2025/B/6853633,AMC / CMC of Fire Extinguishers - Fishing vessel; Mechanical Foam DCP Type Water Type Fire Extingui,19,Ministry of Fisheries Animal Husbandry Dairying Department of Fisheries,2025-11-06T11:06:48Z,2025-11-06T11:06:48Z,No
GEM/2025/B/6817575,"Central Backup Solution Comprising of Backup Server, Backup Tape Library & Backup Software",1,Ministry of Defence Department of Defence Production,2025-10-23T18:13:32Z,2025-10-23T18:13:32Z,No
GEM/2025/B/6868473,Manpower Outsourcing Services - Minimum wage - Skilled; High School; Others,2,Ministry of Defence Department of Military Affairs,2025-11-08T10:51:37Z,2025-11-08T10:51:37Z,No
GEM/2025/B/6868423,Manpower Outsourcing Services - Minimum wage - Skilled; High School; Others,2,Ministry of Defence Department of Military Affairs,2025-11-08T10:45:07Z,2025-11-08T10:45:07Z,No
GEM/2025/B/6868509,Manpower Outsourcing Services - Minimum wage - Unskilled; High School; Others,1,Ministry of Defence Department of Military Affairs,2025-11-08T11:00:17Z,2025-11-08T11:00:17Z,No
GEM/2025/B/6868611,Manpower Outsourcing Services - Minimum wage - Semi-skilled; High School; Others,2,Ministry of Defence Department of Military Affairs,2025-11-08T11:19:50Z,2025-11-08T11:19:50Z,No
GEM/2025/B/6868593,8mm acrylic plateswith reverse print sticker pasting and fitting with glass studds size 4ftX2ft 8 s,3,Ministry of Defence Department of Military Affairs,2025-11-08T11:16:37Z,2025-11-08T11:16:37Z,No
GEM/2025/B/6868576,Manpower Outsourcing Services - Minimum wage - Semi-skilled; High School; Others,2,Ministry of Defence Department of Military Affairs,2025-11-08T11:16:27Z,2025-11-08T11:16:27Z,No
GEM/2025/B/6868659,Manpower Outsourcing Services - Minimum wage - Unskilled; High School; Others,1,Ministry of Defence Department of Military Affairs,2025-11-08T11:30:51Z,2025-11-08T11:30:51Z,No
GEM/2025/B/6834930,Custom Bid for Services - HIRING OF SERVICES FOR RATE PROFFING OF BUILDING,1,Ministry of Defence Department of Military Affairs,2025-11-07T14:52:52Z,2025-11-07T14:52:52Z,No
GEM/2025/B/6760063,Custom Bid for Services - FOUR YEAR RATE CONTRACT FOR GRIT BLASTING SA 2  5 ST3 CLEANING PRIMING WI,1,Ministry of Defence Department of Defence Production,2025-10-17T18:26:00Z,2025-10-17T18:26:00Z,No
GEM/2025/B/6865086,FABRICATION OF STORAGE RACKS WITH PARTITION PANEL AND DOOR FOR PACKAGE INFLIGHT CATERING ITEMS,1,Ministry of Defence Department of Military Affairs,2025-11-07T12:58:20Z,2025-11-07T12:58:20Z,No
GEM/2025/B/6812712,Custom Bid for Services - Biennial Rate Contract for Testing & Examination of Lifting Appliances,1,Ministry of Defence Department of Defence Production,2025-10-22T11:46:12Z,2025-10-22T11:46:12Z,No
GEM/2025/B/6864938,HOS for the design and manufacture of the squadron name and insignia with LED lighting on an APC pa,1,Ministry of Defence Department of Military Affairs,2025-11-07T13:03:03Z,2025-11-07T13:03:03Z,No
GEM/2025/B/6865256,Refilling of Industrial Gases in Cylinders - Nitrogen Gas; Cubic Meter,3,Ministry of Defence Department of Defence,2025-11-07T13:54:23Z,2025-11-07T13:54:23Z,No
GEM/2025/B/6864572,Hiring of Sanitation Service - Manpower Based Model - Sweeper; 6; All Areas; All Areas; Daily; 2,1,Ministry of Personnel Public Grievances and Pensions Department of Personnel and Training,2025-11-07T12:10:34Z,2025-11-07T12:10:34Z,No
GEM/2025/B/6858031,"Sweet box with printed INS Gomantak LOGO,Paper Bag with printed INS Gomantak LOGO,Soft Foot Mat 4X2",1617,Ministry of Defence Department of Military Affairs,2025-11-07T12:18:13Z,2025-11-07T12:18:13Z,No
GEM/2025/B/6857924,"National Flag,Naval Ensign,FOGA Pendant,Security State Board,Sample Passes Displaying Board",15,Ministry of Defence Department of Military Affairs,2025-11-07T12:17:35Z,2025-11-07T12:17:35Z,No
GEM/2025/B/6869484,"Pest and Animal Control Service - Maintenance Contract; 0.5 months; General Pests/Insects Control,P",1617,Ministry of Finance Department of Revenue,2025-11-08T14:33:23Z,2025-11-08T14:33:23Z,No
GEM/2025/B/6727204,Digital Forensic Workstation,2,Police Department Goa,2025-10-08T13:26:13Z,2025-10-08T13:26:13Z,No
GEM/2025/B/6726292,Hardware write Blocker Kit,5,Police Department Goa,2025-10-08T13:58:06Z,2025-10-08T13:58:06Z,No
GEM/2025/B/6861749,"Complete Test Panel complete as per SOTR yard 1280,Anti Vibration Mounts and mounting Stainless ste",35,Ministry of Defence Department of Defence Production,2025-11-06T15:41:25Z,2025-11-06T15:41:25Z,No
GEM/2025/B/6782541,"PerCut 4000-440A/C/1, 5m (Shaft– PercCut 4000– 440A),Percut 4000K torch head (Quick-change head",2,Ministry of Defence Department of Defence Production,2025-10-13T11:15:56Z,2025-10-13T11:15:56Z,No
GEM/2025/B/6768308,"Monthly Basis Cab & Taxi Hiring Services - MUV; As per TnC; Local,Monthly Basis Cab & Taxi Hiring S",3,Ministry of Education Department of Higher Education,2025-10-10T16:40:03Z,2025-10-10T16:40:03Z,No
GEM/2025/B/6860238,Bus Hiring Service - Regular Basis - Local; 29 seater and above; Non AC; 2500 KM X 250 Hours per ve,8,Ministry of Defence Department of Defence Production,2025-11-06T17:46:21Z,2025-11-06T17:46:21Z,No
GEM/2025/B/6862814,Videography and Photography Services - Photography and Videography; Hiring of Creative Agency for p,1,Ministry of Defence Department of Defence Production,2025-11-06T18:11:31Z,2025-11-06T18:11:31Z,No
GEM/2025/B/6647229,Custom Bid for Services - Subcontracting of Modification & Delivery of LPG Cylinder Carrier Yard 12,1,Ministry of Defence Department of Defence Production,2025-09-04T16:59:49Z,2025-09-04T16:59:49Z,No
GEM/2025/B/6864572,Hiring of Sanitation Service - Manpower Based Model - Sweeper; 6; All Areas; All Areas; Daily; 2,1,Ministry of Personnel Public Grievances and Pensions Department of Personnel and Training,2025-11-07T12:10:34Z,2025-11-07T12:10:34Z,No
GEM/2025/B/6858031,"Sweet box with printed INS Gomantak LOGO,Paper Bag with printed INS Gomantak LOGO,Soft Foot Mat 4X2",1617,Ministry of Defence Department of Military Affairs,2025-11-07T12:18:13Z,2025-11-07T12:18:13Z,No
GEM/2025/B/6857924,"National Flag,Naval Ensign,FOGA Pendant,Security State Board,Sample Passes Displaying Board",15,Ministry of Defence Department of Military Affairs,2025-11-07T12:17:35Z,2025-11-07T12:17:35Z,No
GEM/2025/B/6865086,FABRICATION OF STORAGE RACKS WITH PARTITION PANEL AND DOOR FOR PACKAGE INFLIGHT CATERING ITEMS,1,Ministry of Defence Department of Military Affairs,2025-11-07T12:58:20Z,2025-11-07T12:58:20Z,No
GEM/2025/B/6812712,Custom Bid for Services - Biennial Rate Contract for Testing & Examination of Lifting Appliances,1,Ministry of Defence Department of Defence Production,2025-10-22T11:46:12Z,2025-10-22T11:46:12Z,No
GEM/2025/B/6864938,HOS for the design and manufacture of the squadron name and insignia with LED lighting on an APC pa,1,Ministry of Defence Department of Military Affairs,2025-11-07T13:03:03Z,2025-11-07T13:03:03Z,No
GEM/2025/B/6865256,Refilling of Industrial Gases in Cylinders - Nitrogen Gas; Cubic Meter,3,Ministry of Defence Department of Defence,2025-11-07T13:54:23Z,2025-11-07T13:54:23Z,No
GEM/2025/B/6867854,Custom Bid for Services - Hiring of Services for Pruning of trees and clearing of bushes behind CDU,1,Ministry of Defence Department of Military Affairs,2025-11-07T20:21:26Z,2025-11-07T20:21:26Z,No
GEM/2025/B/6867922,3.5KVA Inverter with 04 in number 150AH Batteries,1,Ministry of Defence Department of Military Affairs,2025-11-07T20:47:44Z,2025-11-07T20:47:44Z,No
GEM/2025/B/6867895,"Unit Crest for CDU (Goa),Unit Cap for CDU (Goa)",150,Ministry of Defence Department of Military Affairs,2025-11-07T20:30:33Z,2025-11-07T20:30:33Z,No
GEM/2025/B/6804910,"ACMC of 500 LPH Old RO Plant,ACMC of 500 LPH New RO Plant,Annual Comprehensive Maintenance of Drink",142,Ministry of Civil Aviation Airports Authority of India (AAI),2025-10-18T11:03:00Z,2025-10-18T11:03:00Z,No
GEM/2025/B/6866271,PARAFFIN PAPER,75,Ministry of Defence Department of Military Affairs,2025-11-07T15:39:48Z,2025-11-07T15:39:48Z,No
GEM/2025/B/6731300,"Toner Cartridges / Ink Cartridges / Consumables for Printers,Toner Cartridges / Ink Cartridges / Co",70,Ministry of Defence Department of Military Affairs,2025-10-30T11:53:25Z,2025-10-30T11:53:25Z,No
GEM/2025/B/6860166,Event or Seminar or Workshop or Exhibition or Expo Management Service - National; HIRING OF SERVICE,1,Ministry of Defence Department of Military Affairs,2025-11-10T10:04:44Z,2025-11-10T10:04:44Z,No
GEM/2025/B/6855992,Portable External SSD 4 TB,2,Ministry of Earth Sciences Department of Earth Sciences,2025-11-10T10:29:41Z,2025-11-10T10:29:41Z,No
GEM/2025/B/6863606,Custom Bid for Services - Hiring of Services for cleaning of Dehumidifier,1,Ministry of Defence Department of Military Affairs,2025-11-08T13:24:07Z,2025-11-08T13:24:07Z,No
GEM/2025/B/6869484,"Pest and Animal Control Service - Maintenance Contract; 0.5 months; General Pests/Insects Control,P",1617,Ministry of Finance Department of Revenue,2025-11-08T14:33:23Z,2025-11-08T14:33:23Z,No
GEM/2025/B/6842250,"Repair, Maintenance, and Installation of Plant/ Systems/Equipments (Version 2) - Office Space; REPA",1,Ministry of Defence Department of Military Affairs,2025-11-10T09:24:01Z,2025-11-10T09:24:01Z,No
GEM/2025/B/6834088,"AUTOMATIC DRAIN KIT part no. 2901056300,JOINT SET ASSLY Part No. 9094102400",12,Ministry of Defence Department of Defence Production,2025-10-29T10:53:35Z,2025-10-29T10:53:35Z,No
GEM/2025/B/6832986,"C Type 700x1600 Right Doors- D210,C Type 700x1600 Left Doors- D211,600x1600 Right Doors- D212",3,Ministry of Defence Department of Defence Production,2025-10-29T10:48:05Z,2025-10-29T10:48:05Z,No
GEM/2025/B/6809684,"Blood Collection Tube,Blood Collection Tube,Blood Collection Tube",2500,Ministry of Defence Department of Military Affairs,2025-10-21T10:03:25Z,2025-10-21T10:03:25Z,No
GEM/2025/B/6674278,COCHLEAR NUCLEUS N8 SOUND PROCESSOR UNILATERAL UPGRADE,1,Ministry of Defence Department of Military Affairs,2025-10-18T11:17:29Z,2025-10-18T11:17:29Z,No
GEM/2025/B/6869661,"Custom Bid for Services - Supply, installation and commissioning of Two UV water Treatment plant at",1,Ministry of Defence Department of Defence Production,2025-11-08T15:45:50Z,2025-11-08T15:45:50Z,No
GEM/2025/B/6860430,Catering service (Event Based) - REFRESHMENT FOR UNITY RUN CHAMPIONSHIP; Veg; Regular Packet,1,Ministry of Defence Department of Military Affairs,2025-11-10T09:53:13Z,2025-11-10T09:53:13Z,No
GEM/2025/B/6870029,"Annual Maintenance Service - Desktops,  Laptops and Peripherals - All In One PC; 80000,Annual Maint",119,Ministry of Finance Department of Revenue,2025-11-08T17:33:18Z,2025-11-08T17:33:18Z,No
GEM/2025/B/6870347,"SUPPLY, INSTALLATION AND COMMISSIONING OF WASHING UNIT FOR LPG CYLINDERS AT GOA LPG PLANT",1,Ministry of Petroleum and Natural Gas Bharat Petroleum Corporation Ltd,2025-11-08T19:55:25Z,2025-11-08T19:55:25Z,No
GEM/2025/B/6836587,"Custom Bid for Services - SUB-CONTRACT OF ALUMINIUM FABRICATION, ERECTION & INSTALLATION OF HEAT PR",1,Ministry of Defence Department of Defence Production,2025-10-29T16:47:32Z,2025-10-29T16:47:32Z,No
GEM/2025/B/6814559,Digital Hand-held VHF Transceiver as per MHA QR,5,Ministry of Defence Department of Defence,2025-10-22T17:18:57Z,2025-10-22T17:18:57Z,No
GEM/2025/B/6854029,TIE ROD END BALL JOINT FOR ROSENBAUER CFT,18,Ministry of Defence Department of Military Affairs,2025-11-10T11:28:37Z,2025-11-10T11:28:37Z,No
GEM/2025/B/6825270,11KV CRD CABLE FOR 45T ELL CRANE,1,Ministry of Defence Department of Defence Production,2025-10-26T10:42:00Z,2025-10-26T10:42:00Z,No
GEM/2025/B/6820980,Printing of Tide table books,350,Ministry of Defence Department of Defence Production,2025-10-27T10:36:51Z,2025-10-27T10:36:51Z,No
GEM/2025/B/6680418,Plotter Printers (V2),1,Ministry of Defence Department of Military Affairs,2025-10-30T11:21:51Z,2025-10-30T11:21:51Z,No
